id_venda,data,regiao,vendedor,categoria,produto,quantidade,preco_unitario,desconto
1,2026-01-05,Sudeste,Ana,Eletrônicos,Mouse,8,85,0.05
2,2026-01-08,Sul,Carlos,Informática,Teclado,5,140,0.00
3,2026-01-12,Nordeste,Marina,Eletrônicos,Headset,4,210,0.10
4,2026-01-18,Sudeste,João,Informática,Webcam,6,180,0.05
5,2026-01-25,Norte,Ana,Periféricos,Mousepad,12,55,0.00
6,2026-02-03,Sudeste,Carlos,Eletrônicos,Monitor,3,950,0.08
7,2026-02-07,Sul,Marina,Informática,Teclado,7,140,0.05
8,2026-02-11,Nordeste,João,Eletrônicos,Headset,9,210,0.00
9,2026-02-17,Sudeste,Ana,Periféricos,Mousepad,15,55,0.10
10,2026-02-24,Norte,Carlos,Eletrônicos,Mouse,10,85,0.00
11,2026-03-02,Sudeste,Marina,Informática,Notebook,2,3200,0.05
12,2026-03-06,Sul,João,Eletrônicos,Monitor,4,950,0.10
13,2026-03-10,Nordeste,Ana,Informática,Webcam,8,180,0.00
14,2026-03-16,Sudeste,Carlos,Periféricos,Mousepad,20,55,0.05
15,2026-03-23,Norte,Marina,Eletrônicos,Headset,6,210,0.08
16,2026-04-04,Sudeste,João,Eletrônicos,Mouse,14,85,0.00
17,2026-04-09,Sul,Ana,Informática,Teclado,9,140,0.05
18,2026-04-14,Nordeste,Carlos,Eletrônicos,Monitor,2,950,0.00
19,2026-04-20,Sudeste,Marina,Informática,Notebook,3,3200,0.10
20,2026-04-27,Norte,João,Periféricos,Mousepad,18,55,0.00
21,2026-05-03,Sudeste,Ana,Eletrônicos,Headset,10,210,0.05
22,2026-05-08,Sul,Carlos,Eletrônicos,Mouse,16,85,0.00
23,2026-05-13,Nordeste,Marina,Informática,Webcam,11,180,0.08
24,2026-05-19,Sudeste,João,Eletrônicos,Monitor,5,950,0.05
25,2026-05-26,Norte,Ana,Informática,Teclado,13,140,0.10
26,2026-06-04,Sudeste,Carlos,Informática,Notebook,2,3200,0.00
27,2026-06-10,Sul,Marina,Periféricos,Mousepad,25,55,0.05
28,2026-06-15,Nordeste,João,Eletrônicos,Headset,12,210,0.10
29,2026-06-21,Sudeste,Ana,Eletrônicos,Mouse,22,85,0.00
30,2026-06-28,Norte,Carlos,Informática,Webcam,7,180,0.05
31,2026-07-05,Sudeste,Marina,Eletrônicos,Monitor,6,950,0.08
32,2026-07-11,Sul,João,Informática,Teclado,15,140,0.00
33,2026-07-16,Nordeste,Ana,Eletrônicos,Headset,13,210,0.05
34,2026-07-22,Sudeste,Carlos,Informática,Notebook,4,3200,0.10
35,2026-07-29,Norte,Marina,Periféricos,Mousepad,30,55,0.00
36,2026-08-03,Sudeste,João,Eletrônicos,Mouse,24,85,0.05
37,2026-08-09,Sul,Ana,Informática,Webcam,12,180,0.00
38,2026-08-14,Nordeste,Carlos,Eletrônicos,Monitor,3,950,0.05
39,2026-08-21,Sudeste,Marina,Eletrônicos,Headset,18,210,0.08
40,2026-08-27,Norte,João,Informática,Teclado,17,140,0.00
41,2026-09-04,Sudeste,Ana,Informática,Notebook,3,3200,0.05
42,2026-09-10,Sul,Carlos,Periféricos,Mousepad,32,55,0.00
43,2026-09-15,Nordeste,Marina,Eletrônicos,Mouse,19,85,0.10
44,2026-09-20,Sudeste,João,Eletrônicos,Monitor,4,950,0.05
45,2026-09-27,Norte,Ana,Informática,Webcam,14,180,0.00
